,index,Normal,Exponential,Empirical
0,mean_fraction,-0.16557606022583696,0.08820283415665495,0.1447298029344009
