,index,Normal,Exponential,Empirical
0,mean_fraction,-0.1881327569700036,0.0818788749833766,0.1373348201508599
