,index,Normal,Exponential,Empirical
0,mean_fraction,-7926499.806720236,-1151773.2815352797,-1048389.1626398213
