,index,Normal,Exponential,Empirical
0,mean_fraction,0.08553478807392094,0.18654361141538364,0.23068495121723118
