,index,Normal,Exponential,Empirical
0,mean_fraction,0.11673434999551188,0.19676176580519306,0.23950005139106906
