,index,Normal,Exponential,Empirical
0,mean_fraction,0.2673899424175868,0.2784950434784557,0.31538397847279537
