,index,Normal,Exponential,Empirical
0,mean_fraction,0.25969153158880803,0.2496986086096685,0.2985681717107935
