,index,Normal,Exponential,Empirical
0,mean_fraction,0.5909107486635568,0.6568975550332088,0.6539364989974429
