,index,Normal,Exponential,Empirical
0,mean_fraction,0.24445358816233598,0.2607908923411767,0.28651639569984116
