,index,Normal,Exponential,Empirical
0,mean_fraction,0.2715597732216103,0.31502924930146403,0.3303457732170204
