,index,Normal,Exponential,Empirical
0,mean_fraction,0.6536853069486435,0.7426150705917746,0.7398515368682379
