,index,Normal,Exponential,Empirical
0,mean_fraction,0.5505312325201795,0.6592606564224073,0.663290522931204
