,index,Normal,Exponential,Empirical
0,mean_fraction,0.23415965316437465,0.3193457267284513,0.328527146437684
