,index,Normal,Exponential,Empirical
0,mean_fraction,0.6495055406280278,0.7135470784921472,0.7166810212444776
