,index,Normal,Exponential,Empirical
0,mean_fraction,0.6557749571101146,0.7435877420600601,0.7408570527255243
