,index,Normal,Exponential,Empirical
0,mean_fraction,0.6547569149153055,0.743414821138738,0.7403899052661124
