,Dataset_1,Dataset_2,Dataset_3,Dataset_4,Dataset_5,Dataset_6,Dataset_7,Dataset_8,Dataset_9,Dataset_10,mean_profit,std_profit
Normal,24832.0,28304.0,-485362463464.0,28556.0,27852.00000000002,22352.0,-12272.0,28008.0,24444.0,23800.0,-48536226758.8,145608745568.40045
Exponential,25812.0,28652.0,-533225168452.0,29912.0,28252.00000000002,23460.0,-15660.0,28564.0,25524.0,24888.0,-53322496904.8,159967557182.4005
Empirical,25912.0,29004.0,-485362462188.0,29340.0,28968.00000000002,23624.0,-10960.0,28744.0,25484.0,24952.0,-48536225712.0,145608745492.00046
Max,41384.0,45256.0,46296.0,46600.0,49640.000000000015,39048.0,48968.0,46120.0,44704.0,41648.0,44966.4,3203.875253501611
