,Dataset_1,Dataset_2,Dataset_3,Dataset_4,Dataset_5,Dataset_6,Dataset_7,Dataset_8,Dataset_9,Dataset_10,mean_profit,std_profit
Normal,9476.0,13424.0,3372.000000000001,12700.0,7900.0,9776.000000000002,7600.000000000002,12552.0,12592.0,6488.000000000001,9588.0,3119.4035327286524
Exponential,8576.0,12456.0,480.0000000000002,11756.0,7480.0,8496.0,6116.0,10560.0,11348.0,6012.000000000001,8328.0,3399.2723927334805
Empirical,10156.0,14284.0,3584.0000000000005,13284.0,8888.0,10756.0,8324.0,12808.0,13056.0,7688.000000000001,10282.8,3109.8769364719237
Max,41384.0,45256.0,46296.0,46600.0,49640.000000000015,39048.0,48968.0,46120.0,44704.0,41648.0,44966.4,3203.875253501611
