,Dataset_1,Dataset_2,Dataset_3,Dataset_4,Dataset_5,Dataset_6,Dataset_7,Dataset_8,Dataset_9,Dataset_10,mean_profit,std_profit
Normal,10184.0,13532.0,3064.000000000001,12948.0,7268.000000000001,10072.0,7908.000000000002,13208.0,13032.0,7220.000000000002,9843.6,3288.1792895157037
Exponential,9308.0,12348.0,16.0,12116.0,6924.0,8948.0,6348.0,11268.0,12168.0,7232.0,8667.6,3609.3245683922637
Empirical,10748.0,14164.0,3316.0000000000005,13668.0,8232.0,10968.0,8584.0,13560.0,13668.0,8588.0,10549.6,3274.100645978984
Max,41384.0,45256.0,46296.0,46600.0,49640.000000000015,39048.0,48968.0,46120.0,44704.0,41648.0,44966.4,3203.875253501611
