,Dataset_1,Dataset_2,Dataset_3,Dataset_4,Dataset_5,Dataset_6,Dataset_7,Dataset_8,Dataset_9,Dataset_10,mean_profit,std_profit
Normal,5884.0,10640.0,-3476.0,10812.0,5288.0,6568.000000000002,196.00000000000182,10380.0,10676.0,1852.0000000000014,5882.0,4765.763317664862
Exponential,4836.0,9632.0,-7012.0,9776.0,4636.0,5116.000000000002,-1883.999999999999,8424.0,9323.999999999998,1124.0,4397.2,5271.873458268891
Empirical,6868.0,11808.0,-3148.0,11544.0,6460.0,7716.000000000001,1084.000000000001,10848.0,11344.0,3344.0000000000005,6786.8,4787.0311634665595
Max,41384.0,45256.0,46296.0,46600.0,49640.000000000015,39048.0,48968.0,46120.0,44704.0,41648.0,44966.4,3203.875253501611
