,Dataset_1,Dataset_2,Dataset_3,Dataset_4,Dataset_5,Dataset_6,Dataset_7,Dataset_8,Dataset_9,Dataset_10,mean_profit,std_profit
Normal,11700.0,16200.0,10716.000000000002,10980.0,11060.0,12616.0,12608.0,15340.0,14484.0,10948.0,12665.2,1898.9319524406344
Exponential,11584.0,14812.0,9976.0,11760.0,11932.0,12620.0,12512.0,13320.0,14308.0,11364.0,12418.8,1364.0223458580142
Empirical,13124.0,17012.0,12004.0,12816.0,12856.0,14348.0,14012.0,15888.0,15984.0,12612.0,14065.6,1613.6817034347262
Max,41384.0,45256.0,46296.0,46600.0,49640.000000000015,39048.0,48968.0,46120.0,44704.0,41648.0,44966.4,3203.875253501611
