,Dataset_1,Dataset_2,Dataset_3,Dataset_4,Dataset_5,Dataset_6,Dataset_7,Dataset_8,Dataset_9,Dataset_10,mean_profit,std_profit
Normal,12352.0,16888.0,8068.0,9512.0,6316.0,13204.0,10992.0,15748.0,14412.0,11252.0,11874.4,3173.4484460914127
Exponential,11656.0,14916.0,9576.0,12268.0,12296.0,12244.0,12224.0,13492.0,14812.0,11196.0,12468.0,1528.2638515649057
Empirical,13084.0,17156.0,11332.0,13220.0,13188.0,14128.0,13900.0,15960.0,16356.0,12780.0,14110.4,1731.2018484278487
Max,41384.0,45256.0,46296.0,46600.0,49640.000000000015,39048.0,48968.0,46120.0,44704.0,41648.0,44966.4,3203.875253501611
