,Dataset_1,Dataset_2,Dataset_3,Dataset_4,Dataset_5,Dataset_6,Dataset_7,Dataset_8,Dataset_9,Dataset_10,mean_profit,std_profit
Normal,9028.0,12864.0,14708.0,9776.0,10980.0,11344.0,8248.000000000002,14184.0,11752.000000000002,8036.000000000002,11092.0,2229.5061336538183
Exponential,10812.0,11960.0,11984.0,10352.0,12464.0,11048.0,10564.0,14156.0,14008.000000000002,10792.000000000002,11814.0,1307.918346075167
Empirical,11424.0,13668.0,14904.0,11160.0,12980.0,12720.0,11248.0,15112.0,14656.0,11628.000000000004,12950.0,1488.2669115451029
Max,41384.0,45256.0,46296.0,46600.0,49640.000000000015,39048.0,48968.0,46120.0,44704.0,41648.0,44966.4,3203.875253501611
