,Dataset_1,Dataset_2,Dataset_3,Dataset_4,Dataset_5,Dataset_6,Dataset_7,Dataset_8,Dataset_9,Dataset_10,mean_profit,std_profit
Normal,12220.0,17080.0,14500.0,12592.0,12744.0,14440.000000000002,9580.0,16144.0,14728.0,11908.000000000002,13593.6,2098.722811616627
Exponential,13724.0,16804.0,13116.0,13556.0,13584.0,14672.0,10656.0,15128.0,15676.0,13852.0,14076.8,1573.799275638415
Empirical,13960.0,17708.0,14744.0,13780.0,14028.0,15416.0,11280.0,16528.0,16068.0,14052.0,14756.4,1694.2769077101889
Max,41384.0,45256.0,46296.0,46600.0,49640.000000000015,39048.0,48968.0,46120.0,44704.0,41648.0,44966.4,3203.875253501611
