,Dataset_1,Dataset_2,Dataset_3,Dataset_4,Dataset_5,Dataset_6,Dataset_7,Dataset_8,Dataset_9,Dataset_10,mean_profit,std_profit
Normal,12288.0,17112.0,14464.0,12480.0,12644.0,14460.000000000002,9460.0,16244.0,14732.0,12028.000000000002,13591.2,2135.2304231628023
Exponential,13676.0,16732.0,13148.0,13492.0,13468.0,14672.0,10424.0,15112.0,15580.0,13908.0,14021.2,1606.6133822422867
Empirical,13980.0,17720.0,14752.0,13676.0,14036.0,15476.0,11168.0,16592.0,15964.0,14160.0,14752.4,1721.9081973206353
Max,41384.0,45256.0,46296.0,46600.0,49640.000000000015,39048.0,48968.0,46120.0,44704.0,41648.0,44966.4,3203.875253501611
