,Dataset_1,Dataset_2,Dataset_3,Dataset_4,Dataset_5,Dataset_6,Dataset_7,Dataset_8,Dataset_9,Dataset_10,mean_profit,std_profit
Normal,25992.0,30940.0,25784.0,28836.0,29440.0,25672.0,32232.0,28308.0,27124.0,23308.0,27763.6,2569.1725983281076
Exponential,28244.0,32032.0,27880.0,30984.0,31392.0,27752.0,34000.0,30176.0,29972.0,25728.0,29816.0,2315.374008664691
Empirical,28532.0,32064.0,28104.0,30932.0,31000.0,27668.0,33544.0,30608.0,29892.0,25980.0,29832.4,2147.9653256046754
Max,41384.0,45256.0,46296.0,46600.0,49640.0,39048.0,48968.0,46120.0,44704.0,41648.0,44966.4,3203.875253501609
