,Dataset_1,Dataset_2,Dataset_3,Dataset_4,Dataset_5,Dataset_6,Dataset_7,Dataset_8,Dataset_9,Dataset_10,mean_profit,std_profit
Normal,25108.0,28612.0,26648.0,28432.0,29340.0,22424.0,31616.0,26980.0,27208.0,22076.0,26844.4,2830.598777644052
Exponential,28292.0,30000.0,29072.0,29836.0,31624.0,24836.0,33360.0,28420.0,29992.0,24444.0,28987.6,2598.370227661947
Empirical,28936.0,29992.0,29428.0,30364.0,31612.0,25384.0,33076.0,28996.0,30136.0,24732.0,29265.6,2415.4609994781536
Max,41384.0,45256.0,46296.0,46600.0,49640.0,39048.0,48968.0,46120.0,44704.0,41648.0,44966.4,3203.875253501609
