,Dataset_1,Dataset_2,Dataset_3,Dataset_4,Dataset_5,Dataset_6,Dataset_7,Dataset_8,Dataset_9,Dataset_10,mean_profit,std_profit
Normal,40432.0,44288.0,45192.0,44964.0,45620.0,38128.0,47804.0,45204.0,43592.0,40592.0,43581.6,2796.7639585778415
Exponential,38804.0,42564.0,43364.0,43648.0,44224.0,36692.0,45924.0,43316.0,41812.0,38976.0,41932.4,2729.3553524596246
Empirical,41172.0,44940.0,45844.0,45720.0,46340.0,38844.0,48512.0,45872.0,44276.0,41348.0,44286.8,2782.968228349005
Max,41384.0,45256.0,46296.0,46600.0,49640.0,39048.0,48968.0,46120.0,44704.0,41648.0,44966.4,3203.875253501609
