,Dataset_1,Dataset_2,Dataset_3,Dataset_4,Dataset_5,Dataset_6,Dataset_7,Dataset_8,Dataset_9,Dataset_10,mean_profit,std_profit
Normal,28932.0,31896.0,30100.0,31684.0,32316.0,26868.0,34576.0,31228.0,28936.0,27328.0,30386.4,2279.933472713623
Exponential,32192.0,34072.0,33200.0,34640.0,35884.0,30076.0,37128.0,33352.0,31636.0,30756.0,33293.6,2111.8046879387307
Empirical,32436.0,33840.0,33132.0,34120.0,35052.0,30120.0,36548.0,33284.0,31780.0,30704.0,33101.6,1847.332520148985
Max,41384.0,45256.0,46296.0,46600.0,49640.0,39048.0,48968.0,46120.0,44704.0,41648.0,44966.4,3203.875253501609
