,Dataset_1,Dataset_2,Dataset_3,Dataset_4,Dataset_5,Dataset_6,Dataset_7,Dataset_8,Dataset_9,Dataset_10,mean_profit,std_profit
Normal,40028.0,43640.0,44760.0,42740.0,46132.0,37608.0,45860.0,44612.0,43152.0,40036.0,42856.8,2658.4234726619457
Exponential,38928.0,42524.0,43532.0,40988.0,45380.0,36604.0,44840.0,43308.0,42020.0,38984.0,41710.8,2676.9553152789085
Empirical,40132.0,43804.0,44816.0,42860.0,46128.0,37708.0,45840.0,44648.0,43172.0,40324.0,42943.2,2606.1225143879938
Max,41384.0,45256.0,46296.0,46600.0,49640.0,39048.0,48968.0,46120.0,44704.0,41648.0,44966.4,3203.875253501609
