,Dataset_1,Dataset_2,Dataset_3,Dataset_4,Dataset_5,Dataset_6,Dataset_7,Dataset_8,Dataset_9,Dataset_10,mean_profit,std_profit
Normal,28280.0,31844.0,28132.0,32304.0,33840.0,25916.0,33928.0,31220.0,29824.0,27984.0,30327.2,2579.2140198130123
Exponential,30040.0,33472.0,30020.0,34036.0,35544.0,27904.0,35508.0,32320.0,31664.0,30396.0,32090.4,2417.0992201397107
Empirical,30412.0,33408.0,30248.0,34100.0,35124.0,28176.0,35636.0,32620.0,31980.0,30460.0,32216.4,2277.601159114563
Max,41384.0,45256.0,46296.0,46600.0,49640.0,39048.0,48968.0,46120.0,44704.0,41648.0,44966.4,3203.875253501609
