,Dataset_1,Dataset_2,Dataset_3,Dataset_4,Dataset_5,Dataset_6,Dataset_7,Dataset_8,Dataset_9,Dataset_10,mean_profit,std_profit
Normal,40424.0,44296.0,45204.0,44952.0,45640.0,38120.0,47800.0,45196.0,43612.0,40600.0,43584.4,2799.0898234962024
Exponential,38796.0,42592.0,43380.0,43652.0,44264.0,36700.0,45928.0,43336.0,41872.0,38988.0,41950.8,2733.929070038211
Empirical,41236.0,45076.0,46020.0,45764.0,46476.0,38932.0,48600.0,45984.0,44424.0,41456.0,44396.8,2792.458300494387
Max,41384.0,45256.0,46296.0,46600.0,49640.0,39048.0,48968.0,46120.0,44704.0,41648.0,44966.4,3203.875253501609
