,Dataset_1,Dataset_2,Dataset_3,Dataset_4,Dataset_5,Dataset_6,Dataset_7,Dataset_8,Dataset_9,Dataset_10,mean_profit,std_profit
Normal,28672.0,31660.0,29932.0,31628.0,32404.0,26656.0,34312.0,31128.0,28772.0,27244.0,30240.8,2291.83650376723
Exponential,32240.0,34164.0,33156.0,34808.0,36104.0,30028.0,37184.0,33436.0,31676.0,30828.0,33362.4,2157.4631028131166
Empirical,32560.0,34036.0,33212.0,34420.0,35324.0,30148.0,36524.0,33448.0,31932.0,30796.0,33240.0,1868.2783518523142
Max,41384.0,45256.0,46296.0,46600.0,49640.0,39048.0,48968.0,46120.0,44704.0,41648.0,44966.4,3203.875253501609
